cliente,urgencia,necessidade,fit,confianca,temperature,prioridade
piranema,0.92,0.6,0.47,0.8,Warm,0.6633333333333333
meganet,0.83,0.57,0.48,0.8,Warm,0.6266666666666666
cubo energia,0.8,0.46,0.5,0.8,Warm,0.5866666666666667
action day,1.0,0.33,0.33,0.8,Warm,0.5533333333333333
metalcoop,0.61,0.4,0.37,0.8,Warm,0.45999999999999996
vguard,0.6,0.38,0.33,0.8,Warm,0.4366666666666667
ccbc,0.51,0.39,0.34,0.8,Warm,0.41333333333333333
